dominio,grupo_edad,n_total,n_riesgo,prevalencia_pct,odds_ratio,ci_lower,ci_upper,p_value,significativo
riesgo_global,0-6m,164,73,44.51219512195122,2.6132201132201134,1.7283474908481575,3.9511263772466054,7.279395151649248e-06,True
riesgo_global,12-18m,281,66,23.487544483985765,1.0,1.0,1.0,1.0,False
riesgo_global,18-24m,236,87,36.86440677966102,1.9020744356314827,1.298005472141297,2.7872664918079724,0.0010064591854050326,True
riesgo_global,24-36m,332,91,27.40963855421687,1.2300389790016346,0.8527168588504762,1.774323885073659,0.3070707324616048,False
riesgo_global,36-48m,191,81,42.40837696335078,2.3987603305785123,1.611114200847428,3.5714731584704347,1.9170964817941985e-05,True
riesgo_global,48-60m,168,52,30.952380952380953,1.4602925809822362,0.9519642425479874,2.240057269760599,0.09644436869494505,False
riesgo_global,6-12m,294,87,29.591836734693878,1.3691260430390866,0.9432999168913784,1.9871793563867317,0.10872539740738138,False
riesgo_global,60m+,59,33,55.932203389830505,4.134615384615385,2.3073355420991826,7.408997983511922,2.4617244779366425e-06,True
Comunicación,0-6m,164,17,10.365853658536585,16.132653061224488,3.6770212974812213,70.78079612215386,1.923177465036991e-06,True
Comunicación,12-18m,281,2,0.7117437722419928,1.0,1.0,1.0,1.0,False
Comunicación,18-24m,236,10,4.23728813559322,6.172566371681416,1.3388432837654942,28.4578307818481,0.015117869783030478,True
Comunicación,24-36m,332,23,6.927710843373494,10.383495145631068,2.4260099960534722,44.442096947142,4.883720785850903e-05,True
Comunicación,36-48m,191,11,5.7591623036649215,8.525,1.8677448045860379,38.91089661797113,0.0023381586184796034,True
Comunicación,48-60m,168,24,14.285714285714285,23.25,5.418570986439469,99.76108116933662,2.7912645345698696e-09,True
Comunicación,6-12m,294,4,1.3605442176870748,1.9241379310344828,0.34963301160958704,10.589122464728216,0.6863429881988092,False
Comunicación,60m+,59,6,10.16949152542373,15.79245283018868,3.1033240492766194,80.36594388261504,0.0004588926328921219,True
Motricidad Gruesa,0-6m,164,49,29.878048780487802,2.567173913043478,1.5995877875923254,4.120050147251189,0.000121038377313732,True
Motricidad Gruesa,12-18m,281,40,14.23487544483986,1.0,1.0,1.0,1.0,False
Motricidad Gruesa,18-24m,236,53,22.45762711864407,1.7449453551912568,1.1089915812178253,2.7455882841417916,0.016111699023594182,True
Motricidad Gruesa,24-36m,332,47,14.156626506024098,0.9935964912280701,0.6302670490160909,1.566374109073134,1.0,False
Motricidad Gruesa,36-48m,191,59,30.89005235602094,2.692992424242424,1.710123938300936,4.240750061795167,1.7801329141573237e-05,True
Motricidad Gruesa,48-60m,168,12,7.142857142857142,0.4634615384615385,0.2357798555621485,0.911004874106043,0.022843173174951624,True
Motricidad Gruesa,6-12m,294,23,7.8231292517006805,0.5113468634686347,0.2975509101460592,0.8787592504787153,0.016015474157025197,True
Motricidad Gruesa,60m+,59,5,8.47457627118644,0.5578703703703703,0.2103364218605288,1.4796265306040979,0.29391037315079405,False
Motricidad Fina,0-6m,164,14,8.536585365853659,1.1555555555555554,0.5706888890230556,2.3398188884686038,0.716965502190841,False
Motricidad Fina,12-18m,281,21,7.473309608540925,1.0,1.0,1.0,1.0,False
Motricidad Fina,18-24m,236,32,13.559322033898304,1.942110177404295,1.0872061648951885,3.4692517969128334,0.028546663954687215,True
Motricidad Fina,24-36m,332,22,6.626506024096386,0.8786482334869432,0.47254231392683943,1.6337642057791528,0.7516854117364081,False
Motricidad Fina,36-48m,191,7,3.664921465968586,0.47101449275362317,0.19615057366870606,1.1310425875106564,0.1116315047097258,False
Motricidad Fina,48-60m,168,4,2.380952380952381,0.30197444831591175,0.10183551516874322,0.8954495618213175,0.031380289421650324,True
Motricidad Fina,6-12m,294,47,15.98639455782313,2.355889724310777,1.3685904538334306,4.055425330175962,0.0018071282586198576,True
Motricidad Fina,60m+,59,1,1.694915254237288,0.2134646962233169,0.028141840511885327,1.6191967442381134,0.1438735841186571,False
Resolución de Problemas,0-6m,164,17,10.365853658536585,1.915391156462585,0.9399662854598775,3.9030370971871187,0.09041160480126473,False
Resolución de Problemas,12-18m,281,16,5.6939501779359425,1.0,1.0,1.0,1.0,False
Resolución de Problemas,18-24m,236,14,5.932203389830509,1.044481981981982,0.4987746951480737,2.1872453059414645,1.0,False
Resolución de Problemas,24-36m,332,8,2.4096385542168677,0.4089506172839506,0.17234586985799777,0.9703778078042721,0.05785422308219995,False
Resolución de Problemas,36-48m,191,15,7.853403141361256,1.4115767045454546,0.6804236951868743,2.9283941857259457,0.3519689555880931,False
Resolución de Problemas,48-60m,168,24,14.285714285714285,2.7604166666666665,1.4205535113339602,5.36403599921815,0.0031782588309031664,True
Resolución de Problemas,6-12m,294,26,8.843537414965986,1.6068097014925373,0.842601969393675,3.064124593333661,0.15313340620181684,False
Resolución de Problemas,60m+,59,8,13.559322033898304,2.5980392156862746,1.0562122773232308,6.390578779627385,0.04657412823971595,True
Desarrollo Socio-Individual,0-6m,164,17,10.365853658536585,5.300453514739229,2.045762061864095,13.73317453952172,0.0002537686557580393,True
Desarrollo Socio-Individual,12-18m,281,6,2.135231316725979,1.0,1.0,1.0,1.0,False
Desarrollo Socio-Individual,18-24m,236,19,8.050847457627118,4.013056835637481,1.5755504263281233,10.221586625817567,0.003137008260143507,True
Desarrollo Socio-Individual,24-36m,332,19,5.72289156626506,2.7822151224707135,1.0954959032179403,7.065951561267293,0.03840616456493037,True
Desarrollo Socio-Individual,36-48m,191,19,9.947643979057592,5.062984496124031,1.9828473728076734,12.927778688127326,0.00026498906542144027,True
Desarrollo Socio-Individual,48-60m,168,9,5.357142857142857,2.5943396226415096,0.9066736589573624,7.423396512199993,0.10023738966246255,False
Desarrollo Socio-Individual,6-12m,294,18,6.122448979591836,2.989130434782609,1.1688952863514277,7.643884666549502,0.02073089378906358,True
Desarrollo Socio-Individual,60m+,59,18,30.508474576271187,20.121951219512194,7.548310282677244,53.640206313408264,1.1005905942431924e-10,True
