edad_meses,dominio,odds_ratio,p_value,ci_lower,ci_upper,significativo
2.0,Riesgo Global,1.1784188034188035,0.47327015863508615,0.7431679797591785,1.8685827620035507,False
2.0,Comunicación,1.09472049689441,0.8047842953760059,0.43249707846531826,2.770915749473309,False
2.0,Motricidad Gruesa,1.8981203007518797,0.015220304526270734,1.1445613130970522,3.1478092391376364,True
2.0,Motricidad Fina,0.6811370447734084,0.5445797683350478,0.2712638228010866,1.710319013320319,False
2.0,Resolución de Problemas,1.578911016461379,0.19652365538887498,0.7707491178599789,3.2344636408082126,False
2.0,Desarrollo Socio-Individual,2.321112515802781,0.014574865994528365,1.2220720940833965,4.408547856628055,True
4.0,Riesgo Global,2.334841628959276,0.0002560903100970593,1.495301241433048,3.6457439352465726,True
4.0,Comunicación,3.1421848739495797,0.0015538937338808192,1.6401443791373833,6.019790640181512,True
4.0,Motricidad Gruesa,2.599373040752351,0.0002032812858872049,1.6097451641576963,4.197397423787639,True
4.0,Motricidad Fina,1.333990341972997,0.4174139257824272,0.6532923248838953,2.7239417404658717,False
4.0,Resolución de Problemas,1.372072072072072,0.38677246654688935,0.646333912088995,2.9127077130697314,False
4.0,Desarrollo Socio-Individual,0.8241341991341992,0.8290798100555286,0.32730438036362103,2.0751240097306645,False
6.0,Riesgo Global,0.3169699534490055,1.4481954654811368e-05,0.1784428002778703,0.5630372939284375,True
6.0,Comunicación,0.16262755102040816,0.039842017689714015,0.022437271657821185,1.1787404794235006,True
6.0,Motricidad Gruesa,0.14703947368421053,2.1818656498548893e-05,0.04626842410372883,0.46728643216502386,True
6.0,Motricidad Fina,0.2090100268323683,0.014404800788082617,0.051006468545454584,0.8564637498386528,True
6.0,Resolución de Problemas,0.24545900834560627,0.02913705598980504,0.05981357417311785,1.0072985206272251,True
6.0,Desarrollo Socio-Individual,0.8170235836269992,0.8413071133826716,0.35046485294932456,1.9046918131309032,False
8.0,Riesgo Global,3.7809885931558935,1.2886056089098945e-07,2.2894512251341377,6.244236428639093,True
8.0,Comunicación,0.49049489395129614,0.42960022571818923,0.11836621594346233,2.0325499051791,False
8.0,Motricidad Gruesa,1.2838752488387526,0.4105410813473059,0.7039913577425402,2.3414146160350864,False
8.0,Motricidad Fina,7.081485587583148,5.0779118519234996e-11,4.192739719995262,11.960541668731233,True
8.0,Resolución de Problemas,4.1617250673854445,2.174432495313005e-05,2.304476290234274,7.515788125007625,True
8.0,Desarrollo Socio-Individual,1.9913793103448276,0.09003553036861779,0.963903692777709,4.1140952020234325,False
9.0,Riesgo Global,0.3402920608802962,0.0013392249704881668,0.1664883334736099,0.6955363434910861,True
9.0,Comunicación,0.0,0.04595868731439486,0.0,,True
9.0,Motricidad Gruesa,0.1633281972265023,0.0023804012222921503,0.03967790863548822,0.6723161811356136,True
9.0,Motricidad Fina,0.7407407407407407,0.8148175431169138,0.2649509825060671,2.0709371967721486,False
9.0,Resolución de Problemas,0.4137745493677697,0.31628139237099734,0.09992718418296596,1.7133413605552792,False
9.0,Desarrollo Socio-Individual,0.42469339947636764,0.3147729356017903,0.10253744555578193,1.7590108918860534,False
10.0,Riesgo Global,0.896969696969697,0.788422762786069,0.5245097680297918,1.5339173573526506,False
10.0,Comunicación,0.2545572916666667,0.262754011330645,0.03493714588098465,1.8547426558944247,False
10.0,Motricidad Gruesa,0.3177095359039483,0.01694632127980225,0.114604019107942,0.8807662243435855,True
10.0,Motricidad Fina,3.779839208410637,6.265212592911013e-05,2.0916944466730842,6.830435709270365,True
10.0,Resolución de Problemas,1.2820227841066962,0.47633125670581156,0.5425776118656693,3.0292116427678932,False
10.0,Desarrollo Socio-Individual,0.1935483870967742,0.08399362985112563,0.02662411037504644,1.407032108117806,False
12.0,Riesgo Global,0.3956422018348624,1.224077733633184e-05,0.25399058394555957,0.6162935233311219,True
12.0,Comunicación,0.0,0.00023857597596126077,0.0,,True
12.0,Motricidad Gruesa,0.46735537190082643,0.007290125611389888,0.2605225564758616,0.8383959016800041,True
12.0,Motricidad Fina,0.6006256517205423,0.21396913881549975,0.28837144857798314,1.2509947683228066,False
12.0,Resolución de Problemas,0.7104622871046229,0.5060991478896782,0.3400553045823602,1.48433697282814,False
12.0,Desarrollo Socio-Individual,0.08154121863799284,0.00030350819710066356,0.01131112407310285,0.5878257805322626,True
14.0,Riesgo Global,0.2690250925545043,3.9645000008370384e-05,0.13299428276567155,0.5441925691759203,True
14.0,Comunicación,0.2218892694063927,0.12227356527394417,0.030510277794269552,1.6137135233475335,False
14.0,Motricidad Gruesa,0.35028422184667385,0.016258273319506727,0.14005336056465909,0.8760877681195145,True
14.0,Motricidad Fina,0.764163372859025,0.8308334304560885,0.30337850145154827,1.924808968418422,False
14.0,Resolución de Problemas,0.33619929453262787,0.168327921346689,0.08152911005088473,1.3863755605046013,False
14.0,Desarrollo Socio-Individual,0.9245169082125604,1.0,0.36602766816447996,2.33515547569706,False
16.0,Riesgo Global,2.2304832713754648,0.002283990643761201,1.3412920514937323,3.709151648476046,True
16.0,Comunicación,0.26758879781420764,0.25604391536089194,0.03669844024338434,1.9511391830490932,False
16.0,Motricidad Gruesa,2.888533834586466,0.0003406067596059537,1.6891616488648065,4.939508139530689,True
16.0,Motricidad Fina,1.6116402116402115,0.24216780670863286,0.7518789397049657,3.454524438196007,False
16.0,Resolución de Problemas,1.3533372365339578,0.4571481379507544,0.5716017320574548,3.204191962814545,False
16.0,Desarrollo Socio-Individual,0.0,0.020330451021745105,0.0,,True
18.0,Riesgo Global,2.008522727272727,0.0020740465652984495,1.2996211907471003,3.104107238857805,True
18.0,Comunicación,0.18909313725490196,0.08675987317871695,0.026049356489107826,1.3726333152165255,False
18.0,Motricidad Gruesa,2.2774809160305343,0.0015293175376705085,1.4109838124214888,3.6761012261236674,True
18.0,Motricidad Fina,3.5771780303030303,1.755147838946306e-05,2.1016994225621217,6.088502724563336,True
18.0,Resolución de Problemas,0.9325819672131147,1.0,0.3986445855939958,2.181665465931722,False
18.0,Desarrollo Socio-Individual,0.0,0.002201466420169562,0.0,,True
20.0,Riesgo Global,1.7877241805813235,0.02379849798624662,1.0939864469249088,2.9213869649104853,True
20.0,Comunicación,1.3727208976157084,0.4220627565539903,0.5388341920848745,3.497110410643838,False
20.0,Motricidad Gruesa,2.3783585735222275,0.0022927823934932308,1.3963659545945326,4.050936279013769,True
20.0,Motricidad Fina,1.4702179176755448,0.36848736377230107,0.6886217073236883,3.1389378267713792,False
20.0,Resolución de Problemas,1.0064253868345134,1.0,0.3972775847406016,2.5495827053176376,False
20.0,Desarrollo Socio-Individual,1.7858901926698536,0.14413316847621122,0.8335348990762445,3.8263590208508216,False
22.0,Riesgo Global,0.39630903972474196,0.001113466273892082,0.2211080720226635,0.7103352380163146,True
22.0,Comunicación,0.8433374166326392,1.0,0.30226351116503913,2.352973389183853,False
22.0,Motricidad Gruesa,0.37579441834760985,0.015248713267591675,0.16213741989280106,0.8709984712633796,True
22.0,Motricidad Fina,0.5267229254571026,0.31163625204295786,0.19013212968135365,1.4591802062442099,False
22.0,Resolución de Problemas,0.4551,0.27811093067221104,0.1416766546432168,1.4618922963813528,False
22.0,Desarrollo Socio-Individual,2.04775828460039,0.046369232574997005,1.0558251799357337,3.971598775854891,True
24.0,Riesgo Global,2.0633713561470217,0.001101650382586283,1.344523367260366,3.1665506580545264,True
24.0,Comunicación,0.9989648033126294,1.0,0.395549462030013,2.5228973214523562,False
24.0,Motricidad Gruesa,2.2942157953281423,0.0010923370572526831,1.4325870334108357,3.674070749475855,True
24.0,Motricidad Fina,2.0923383084577116,0.019251469441785796,1.1513267646816072,3.8024648877596063,True
24.0,Resolución de Problemas,0.2754971720488962,0.0595836639039521,0.06702561528644772,1.132383365412916,False
24.0,Desarrollo Socio-Individual,1.674188222344524,0.14032230994319886,0.8442539115472077,3.3199801215020943,False
27.0,Riesgo Global,0.27170771982936565,7.560842816053801e-06,0.1433448167618218,0.5150174710365634,True
27.0,Comunicación,0.9989648033126294,1.0,0.395549462030013,2.5228973214523562,False
27.0,Motricidad Gruesa,0.16536107711138312,0.00011290642956406487,0.051929593411480235,0.5265646046323889,True
27.0,Motricidad Fina,0.2346087230357424,0.029750567400054752,0.05716161912869205,0.9629057707505342,True
27.0,Resolución de Problemas,0.42167441860465116,0.20778376030978724,0.13145909171762568,1.3525828680416054,False
27.0,Desarrollo Socio-Individual,0.4329012581014106,0.20467006932654203,0.1349156661277229,1.3890417965870008,False
30.0,Riesgo Global,0.556336690100703,0.04173790278766899,0.3165626865001056,0.9777226626869125,True
30.0,Comunicación,1.8407407407407408,0.18516297296243256,0.820870490199242,4.12772357525041,False
30.0,Motricidad Gruesa,0.27924066135946113,0.005900783153518964,0.10108867059730609,0.7713559441996186,True
30.0,Motricidad Fina,0.44541871921182263,0.2018302314616897,0.13850623516303612,1.432410859993168,False
30.0,Resolución de Problemas,0.16677602799650043,0.038842295922747946,0.022984113680340004,1.2101507981176172,True
30.0,Desarrollo Socio-Individual,0.7335010180859983,0.8161289492455088,0.26321502201839736,2.044046496311259,False
33.0,Riesgo Global,0.652160953800298,0.11574810940828541,0.389542416722215,1.0918295194667036,False
33.0,Comunicación,1.3652747252747253,0.4549922343486968,0.5788847150641321,3.2199417724606443,False
33.0,Motricidad Gruesa,0.951711229946524,1.0,0.5185265377477333,1.7467847820104845,False
33.0,Motricidad Fina,0.3976127320954907,0.15096473413093964,0.12393844882898002,1.275599995144312,False
33.0,Resolución de Problemas,0.3050030138637734,0.08417391087989237,0.07408722099515815,1.25563946408605,False
33.0,Desarrollo Socio-Individual,0.31305958629206543,0.12002694963381139,0.07602437268973292,1.2891432194953836,False
36.0,Riesgo Global,1.5821423888816049,0.02975643828279315,1.0548305935565423,2.373058341298302,True
36.0,Comunicación,1.91904047976012,0.07254931861255327,0.9650119592140269,3.8162390919563447,False
36.0,Motricidad Gruesa,1.9835758835758837,0.005636912491722002,1.2589151740832667,3.1253680683998244,True
36.0,Motricidad Fina,0.3088819226750261,0.04217030030951086,0.0967122173108041,0.9865148872433349,True
36.0,Resolución de Problemas,2.1058612440191387,0.0184874460427916,1.1612472793060302,3.818869295187511,True
36.0,Desarrollo Socio-Individual,2.167076167076167,0.016226466479346106,1.1940951359001217,3.9328684731384236,True
42.0,Riesgo Global,1.4724707750036081,0.0832988447867015,0.9539897462724093,2.2727395044984173,False
42.0,Comunicación,0.18229166666666666,0.0576932521103706,0.02512212172243464,1.3227486158717126,False
42.0,Motricidad Gruesa,2.867905541392728,2.5647525750247998e-05,1.8178084905746503,4.524614246768671,True
42.0,Motricidad Fina,0.4875816993464052,0.2395050665332646,0.17629930327891827,1.348479030353358,False
42.0,Resolución de Problemas,0.13502147458840372,0.012050524910166206,0.01865338392333477,0.9773453800637655,True
42.0,Desarrollo Socio-Individual,0.751984126984127,0.6769829263209015,0.299322012229895,1.8892032798502008,False
48.0,Riesgo Global,1.0878062823875632,0.7290820648455713,0.6949407390121051,1.7027675045846444,False
48.0,Comunicación,3.492690763052209,0.00028275880547378146,1.8942196827339601,6.44006018811047,True
48.0,Motricidad Gruesa,0.34709048961804667,0.007996265996908187,0.15007393265946112,0.8027497237422495,True
48.0,Motricidad Fina,0.358700882117081,0.07916546093616002,0.11202883638393345,1.1485107494165194,False
48.0,Resolución de Problemas,3.243868868868869,0.00016797265946161543,1.8482122729219903,5.693439759373753,True
48.0,Desarrollo Socio-Individual,0.13856304985337242,0.0183945298812088,0.01913914312981535,1.003165013942471,True
54.0,Riesgo Global,0.7234784247220652,0.22344541649688607,0.43463006093275625,1.2042909087213416,False
54.0,Comunicación,2.5970348159253707,0.011082334173630784,1.2929242128510385,5.216539197031488,True
54.0,Motricidad Gruesa,0.3975517341882833,0.029169190139500707,0.1712470928231026,0.9229200843682273,True
54.0,Motricidad Fina,0.13073434502005932,0.011961122964261332,0.018054278283972918,0.9466714038077223,True
54.0,Resolución de Problemas,1.2253213957759412,0.6575855869023903,0.5518062347400423,2.7209053258588516,False
54.0,Desarrollo Socio-Individual,1.472493078126881,0.27221578864159685,0.6922575955105772,3.1321228964376857,False
60.0,Riesgo Global,2.6684572410829395,0.00033344862147947793,1.5798987724142894,4.507038154480416,True
60.0,Comunicación,1.9593613933236576,0.14058369290334177,0.8206397083869632,4.678176098976851,False
60.0,Motricidad Gruesa,0.4524931291715744,0.10786933166363193,0.17940950804671985,1.141244040946617,False
60.0,Motricidad Fina,0.1781609195402299,0.056227766394290606,0.02449885759069638,1.295624219778895,False
60.0,Resolución de Problemas,2.0209150326797385,0.07545727716122784,0.9374614905880291,4.356549693309717,False
60.0,Desarrollo Socio-Individual,6.396626396170504,4.7369448899190254e-08,3.5537007773401665,11.513864507976443,True
